[
  {
    "id": 6670167409,
    "username": "Vinszstore",
    "first_name": "VINSZ",
    "last_name": "V",
    "join_date": "2025-12-23T20:40:31.143Z",
    "total_spent": 0,
    "history": []
  },
  {
    "id": 7065253183,
    "username": "Xskycode",
    "first_name": "0xf_Skyzopedia",
    "last_name": "",
    "join_date": "2025-12-23T20:40:50.195Z",
    "total_spent": 1182,
    "history": [
      {
        "product": "NETFLIX - 2 Bulan",
        "amount": 1182,
        "type": "app",
        "timestamp": "2025-12-30T09:15:22.457Z",
        "details": "Netflix - 2 Bulan"
      }
    ]
  },
  {
    "id": 7569422438,
    "username": "BaystokID",
    "first_name": "Yanxx ID",
    "last_name": "",
    "join_date": "2025-12-23T20:55:56.904Z",
    "total_spent": 0,
    "history": []
  },
  {
    "id": 8483185643,
    "username": "RiyanOfficiall",
    "first_name": "ᯓ 𝗥𝗜𝗬𝗔𝗡 𝗢𝗙𝗙𝗜𝗖𝗜𝗔𝗟 ️",
    "last_name": "",
    "join_date": "2025-12-23T23:19:00.443Z",
    "total_spent": 0,
    "history": []
  },
  {
    "id": 7896234520,
    "username": "yazxzpedia",
    "first_name": "Yazxzpedia",
    "last_name": "",
    "join_date": "2025-12-23T23:19:30.489Z",
    "total_spent": 0,
    "history": []
  },
  {
    "id": 6896951478,
    "username": "HanzoMarket1",
    "first_name": "Hanzo Market",
    "last_name": "",
    "join_date": "2025-12-23T23:19:35.269Z",
    "total_spent": 0,
    "history": []
  },
  {
    "id": 8143828288,
    "username": "ClipStore1",
    "first_name": "ClipStore",
    "last_name": "| APK MURAH LANGSUNG DM",
    "join_date": "2025-12-24T00:22:31.891Z",
    "total_spent": 0,
    "history": []
  },
  {
    "id": 8200190115,
    "username": "IsRealHamxyz",
    "first_name": "ᝄ Hamxyz - 4note",
    "last_name": "",
    "join_date": "2025-12-24T02:20:57.919Z",
    "total_spent": 0,
    "history": []
  },
  {
    "id": 5976776645,
    "username": "BotOrderpanel",
    "first_name": "Free",
    "last_name": "Rext",
    "join_date": "2025-12-29T14:35:29.130Z",
    "total_spent": 0,
    "history": []
  },
  {
    "id": 5393136337,
    "username": "fanndyy",
    "first_name": "Fannn",
    "last_name": "",
    "join_date": "2025-12-29T21:09:38.615Z",
    "total_spent": 0,
    "history": []
  },
  {
    "id": 1132269038,
    "username": "KaiSofhopee",
    "first_name": "Kaii",
    "last_name": "",
    "join_date": "2025-12-30T00:54:36.908Z",
    "total_spent": 0,
    "history": []
  },
  {
    "id": 8311916607,
    "username": "Danzx_JBR",
    "first_name": "⏤͟͟͞͞𝐃𝐂𝐌𝐓 || 𝘿𝙖𝙣𝙯𝙭 𝙅𝘽𝙍•𝟳𝟰𑲭𑲭𑲭𑲭𑲭𑲭𑲭𑲭𑲭𑲭𑲭𑲭",
    "last_name": "",
    "join_date": "2025-12-30T02:53:58.204Z",
    "total_spent": 0,
    "history": []
  },
  {
    "id": 8467766089,
    "username": "Danzx_Hosting",
    "first_name": "𝘿𝙖𝙣𝙯𝙭𝙃𝙤𝙨𝙩𝙞𝙣𝙜𝟳𝟰",
    "last_name": "",
    "join_date": "2025-12-30T08:23:10.141Z",
    "total_spent": 0,
    "history": []
  },
  {
    "id": 7385129062,
    "username": "petrainfernox2",
    "first_name": "×͜× || PETRA INFERNOX一緒",
    "last_name": "",
    "join_date": "2025-12-30T14:57:52.991Z",
    "total_spent": 0,
    "history": []
  },
  {
    "id": 8049848260,
    "username": "caviera1",
    "first_name": "Skyzopedia",
    "last_name": "",
    "join_date": "2025-12-30T18:52:00.959Z",
    "total_spent": 0,
    "history": []
  },
  {
    "id": 6998411997,
    "username": "hamzxdmd",
    "first_name": "Hamz",
    "last_name": "",
    "join_date": "2025-12-31T10:54:06.842Z",
    "total_spent": 0,
    "history": []
  },
  {
    "id": 7096393154,
    "username": "LyynNotYourGod",
    "first_name": "Lyyncode❤️‍🔥 #Citrus",
    "last_name": "",
    "join_date": "2025-12-31T17:30:03.051Z",
    "total_spent": 0,
    "history": []
  },
  {
    "id": 5679477929,
    "username": "verlangid11",
    "first_name": "verlang",
    "last_name": "Id",
    "join_date": "2026-01-12T10:22:50.850Z",
    "total_spent": 0,
    "history": []
  },
  {
    "id": 8286960944,
    "username": "misterius sempak",
    "first_name": "misterius",
    "last_name": "sempak",
    "join_date": "2026-01-12T11:03:34.051Z",
    "total_spent": 697,
    "history": [
      {
        "product": "Panel 1gb",
        "amount": 201,
        "type": "panel",
        "timestamp": "2026-01-12T11:07:36.161Z",
        "details": "Username: gay, RAM: 1gbGB"
      },
      {
        "product": "Admin Panel",
        "amount": 225,
        "type": "admin",
        "timestamp": "2026-01-12T11:08:45.796Z",
        "details": "Username: hantu"
      },
      {
        "product": "Panel 1gb",
        "amount": 271,
        "type": "panel",
        "timestamp": "2026-01-12T11:12:06.099Z",
        "details": "Username: hello, RAM: 1gbGB"
      }
    ]
  }
]